{
    "team": [
        {
            "name": "Энди Уир",
            "photo": "/static/img/adult.jpg",
            "profession": "астрогеолог, спец по радиационной защите"
        },
        {
            "name": "Риддли Скотт",
            "photo": "/static/img/kid1.jpg",
            "profession": "Инженер, пилот"
        },
        {
            "name": "Марк Уотни",
            "photo": "/static/img/alien.jpg",
            "profession": "Археолог, медик"
        },
        {
            "name": "Венката Капур",
            "photo": "/static/img/valli.jpg",
            "profession": "Врач, экзобиолог"
        }
    ]
}
